{
  "RUB_USD": 0.011,
  "USD_RUB": 90.50,
  "RUB_CRYPTO": 0.00000025,
  "CRYPTO_RUB": 4000000.00,
  "USD_CRYPTO": 0.000023,
  "CRYPTO_USD": 44000.00
}